genre_name,artist_id
east coast hip hop,1263
gangster rap,1263
hardcore hip hop,1263
hip hop,1263
rap,1263
classical performance,1578
german orchestra,1578
orchestra,1578
american modern classical,459
classical,459
early modern classical,459
tin pan alley,459
classical,350
italian opera,350
italian romanticism,350
late romantic era,350
classical organ,1653
classical,396
classical era,396
early music,396
early romantic era,396
german romanticism,396
british orchestra,840
orchestra,840
classical,1708
early modern classical,1708
neoclassicism,1708
russian modern classical,1708
classical performance,1777
violin,1777
austrian orchestra,1
classical,1
classical performance,1
orchestra,1
classical,1406
classical era,1406
classical performance,761
orchestral performance,761
classical,893
classical performance,893
german orchestra,893
orchestra,893
british modern classical,940
classical,940
late romantic era,940
victorian britain,940
classic soundtrack,805
calypso,416
mento,416
classic bollywood,1195
filmi,1195
classic soundtrack,535
arab folk,142
classic arab pop,142
oud,142
syrian pop,142
classical,561
classical performance,561
orchestra,561
classic bollywood,914
filmi,914
ghazal,914
adult standards,709
easy listening,709
exotica,709
laboratorio,709
library music,709
lounge,709
classical performance,1044
orchestral performance,1044
bebop,1075
cool jazz,1075
hard bop,1075
jazz,1075
jazz fusion,1075
jazz piano,1075
stride,1075
vocal jazz,1075
appalachian folk,341
banjo,341
bluegrass,341
bluegrass gospel,341
old-time,341
progressive bluegrass,341
traditional country,341
traditional folk,341
bebop,405
big band,405
jazz,405
jazz drums,405
adult standards,1603
bebop,1603
cool jazz,1603
jazz,1603
jazz piano,1603
lounge,1603
stride,1603
swing,1603
vocal jazz,1603
american folk revival,397
appalachian folk,397
banjo,397
folk,397
folk rock,397
old-time,397
traditional folk,397
classical,1374
classical performance,1374
orchestral performance,1374
bebop,1611
cool jazz,1611
hard bop,1611
jazz,1611
jazz fusion,1611
american folk revival,667
blues,667
folk,667
spirituals,667
traditional blues,667
blues,1127
blues rock,1127
chicago blues,1127
classic rock,1127
electric blues,1127
soul,1127
traditional blues,1127
rhythm and blues,813
rock-and-roll,813
soul,813
southern soul,813
adult standards,684
brill building pop,684
piano rock,684
rock-and-roll,684
rockabilly,684
avant-garde jazz,85
bebop,85
big band,85
contemporary jazz,85
contemporary post-bop,85
cool jazz,85
free jazz,85
hard bop,85
japanese jazz,85
jazz,85
jazz funk,85
jazz fusion,85
jazz trumpet,85
soul jazz,85
adult standards,608
brill building pop,608
bubblegum pop,608
classic uk pop,608
europop,608
mellow gold,608
rock-and-roll,608
soft rock,608
bossa nova,275
brazilian jazz,275
jazz guitar,275
samba-jazz,275
violao,275
american modern classical,1366
easy listening,1366
space age pop,1366
adult standards,1372
brill building pop,1372
british invasion,1372
folk,1372
folk rock,1372
mellow gold,1372
motown,1372
soul,1372
vocal jazz,1372
brill building pop,157
bubblegum pop,157
doo-wop,157
folk rock,157
merseybeat,157
rock-and-roll,157
rockabilly,157
sunshine pop,157
surf music,157
adult standards,228
brill building pop,228
british invasion,228
bubblegum pop,228
folk rock,228
merseybeat,228
rock-and-roll,228
boogaloo,1690
latin jazz,1690
salsa,1690
salsa international,1690
brill building pop,518
classic soul,518
funk,518
memphis soul,518
motown,518
soul,518
southern soul,518
alternative rock,385
art rock,385
classic rock,385
folk rock,385
melancholia,385
permanent wave,385
protopunk,385
psychedelic rock,385
rock,385
blues,1180
blues rock,1180
classic rock,1180
electric blues,1180
memphis soul,1180
soul blues,1180
traditional blues,1180
art rock,1602
cosmic american,1602
country rock,1602
experimental,1602
folk,1602
folk rock,1602
psychedelic folk,1602
psychedelic rock,1602
roots rock,1602
singer-songwriter,1602
album rock,1121
blues rock,1121
classic rock,1121
country rock,1121
double drumming,1121
electric blues,1121
folk rock,1121
hard rock,1121
jam band,1121
mellow gold,1121
psychedelic rock,1121
rock,1121
roots rock,1121
soft rock,1121
southern rock,1121
classic rock,1101
cosmic american,1101
country rock,1101
double drumming,1101
folk rock,1101
jam band,1101
psychedelic rock,1101
rock,1101
roots rock,1101
latin jazz,1743
salsa,1743
salsa puertorriquena,1743
tropical,1743
album rock,140
art rock,140
blues rock,140
classic rock,140
hard rock,140
jazz fusion,140
progressive rock,140
psychedelic rock,140
rock,140
symphonic rock,140
album rock,753
blues rock,753
classic rock,753
detroit rock,753
glam metal,753
glam rock,753
hard rock,753
metal,753
protopunk,753
rock,753
album rock,1534
art rock,1534
classic rock,1534
country rock,1534
folk,1534
folk rock,1534
mellow gold,1534
psychedelic rock,1534
rock,1534
roots rock,1534
soft rock,1534
yacht rock,1534
blues,691
blues rock,691
classic rock,691
country rock,691
electric blues,691
folk rock,691
funk,691
jazz blues,691
louisiana blues,691
modern blues,691
new orleans blues,691
piano blues,691
roots rock,691
soul,691
adult standards,857
disco,857
funk,857
motown,857
quiet storm,857
soul,857
album rock,1421
blues rock,1421
classic rock,1421
country rock,1421
dance rock,1421
folk rock,1421
hard rock,1421
mellow gold,1421
rock,1421
roots rock,1421
soft rock,1421
classic soul,1755
disco,1755
funk,1755
motown,1755
philly soul,1755
quiet storm,1755
soul,1755
urban contemporary,1755
british choir,319
cambridge choir,319
cathedral choir,319
choral,319
university choir,319
afrofuturism,1316
album rock,1468
blues rock,1468
classic rock,1468
hard rock,1468
mellow gold,1468
metal,1468
rock,1468
funk,1316
funk rock,1316
jazz funk,1316
motown,1316
p funk,1316
soul,1316
classic rock,299
early us punk,299
permanent wave,299
punk,299
rock,299
skate punk,299
disco,1555
funk,1555
indie jazz,1555
jazz funk,1555
jazz vibraphone,1555
quiet storm,1555
soul,1555
soul jazz,1555
album rock,1489
classic rock,1489
hard rock,1489
heartland rock,1489
mellow gold,1489
rock,1489
soft rock,1489
adult standards,977
australian dance,977
bubblegum pop,977
disco,977
europop,977
mellow gold,977
new wave pop,977
soft rock,977
alternative rock,534
art rock,534
dance rock,534
hardcore punk,534
madchester,534
new wave,534
post-punk,534
pub rock,534
punk,534
ska,534
uk post-punk,534
art rock,1496
beatlesque,1496
dance rock,1496
new romantic,1496
new wave,1496
new wave pop,1496
power pop,1496
pub rock,1496
rock,1496
sophisti-pop,1496
dance rock,1632
new romantic,1632
new wave,1632
permanent wave,1632
synthpop,1632
contemporary country,1340
country,1340
country road,1340
country rock,1340
alternative pop,1332
alternative rock,1332
art rock,1332
boston rock,1332
dance rock,1332
dance-punk,1332
garage psych,1332
gbvfi,1332
indie rock,1332
no wave,1332
post-hardcore,1332
post-punk,1332
punk,1332
dub,1549
lovers rock,1549
reggae,1549
roots reggae,1549
classic city pop,225
acoustic punk,176
alternative rock,176
dance rock,176
punk,176
rock,176
alternative rock,84
art rock,84
dance rock,84
dream pop,84
new romantic,84
new wave,84
new wave pop,84
permanent wave,84
post-punk,84
punk,84
rock,84
uk post-punk,84
dance pop,1077
new wave pop,1077
soft rock,1077
urban contemporary,1077
europop,640
new wave pop,640
pop rock,640
soft rock,640
swedish pop,640
alternative rock,1334
art rock,1334
blues rock,1334
dance rock,1334
dream pop,1334
indie rock,1334
new wave,1334
noise pop,1334
noise rock,1334
post-punk,1334
punk,1334
rock,1334
classical cello,1342
classical performance,1342
latin,531
latin pop,531
mexican pop,531
ranchera,531
rock en espanol,531
german metal,1078
german power metal,1078
hard rock,1078
metal,1078
neo classical metal,1078
old school thrash,1078
power metal,1078
rock,1078
speed metal,1078
anthem worship,892
ccm,892
christian alternative rock,892
christian music,892
worship,892
diva house,1573
eurodance,1573
europop,1573
hip house,1573
italo house,1573
new wave pop,1573
g funk,466
gangster rap,466
hip hop,466
rap,466
west coast rap,466
hip hop,1275
hip pop,1275
neo soul,1275
new jack swing,1275
quiet storm,1275
r&b,1275
urban contemporary,1275
alternative dance,1768
art pop,1768
dance pop,1768
electronica,1768
electropop,1768
experimental pop,1768
experimental vocal,1768
icelandic experimental,1768
icelandic pop,1768
metropopolis,1768
permanent wave,1768
trip hop,1768
grupera,630
latin,630
ranchera,630
tejano,630
corrido,1173
norteno,1173
norteno-sax,1173
nuevo regional mexicano,1173
ranchera,1173
regional mexican,1173
alternative rock,1570
neo mellow,1570
pop rock,1570
post-grunge,1570
rock,1570
corrido,820
norteno,820
ranchera,820
regional mexican,820
contemporary country,70
country,70
country road,70
corrido,588
deep regional mexican,588
norteno,588
nuevo regional mexicano,588
regional mexican,588
chopped and screwed,325
crunk,325
deep southern trap,325
dirty south rap,325
gangster rap,325
houston rap,325
southern hip hop,325
trap,325
dance pop,105
electropop,105
hip pop,105
neo soul,105
r&b,105
urban contemporary,105
neo soul,366
new jack swing,366
quiet storm,366
r&b,366
urban contemporary,366
lullaby,1186
british choir,79
cambridge choir,79
choral,79
crunk,36
dirty south rap,36
gangster rap,36
memphis hip hop,36
pop rap,36
rap,36
southern hip hop,36
trap,36
underground hip hop,36
emo,1161
post-hardcore,1161
screamo,1161
contemporary country,1770
country,1770
country road,1770
modern country rock,1770
children's music,409
contemporary country,148
country,148
country road,148
modern country rock,148
acoustic pop,170
indie folk,170
neo mellow,170
new americana,170
pop rock,170
stomp and holler,170
garage rock,1726
modern rock,1726
permanent wave,1726
rock,1726
sheffield indie,1726
alternative pop,786
alternative rock,786
anti-folk,786
art rock,786
dance rock,786
dream pop,786
freak folk,786
indie pop,786
indie rock,786
lo-fi,786
modern rock,786
new wave,786
rock,786
trap,688
contemporary country,1380
country,1380
country road,1380
modern country rock,1380
coverchill,66
atl hip hop,1485
hip hop,1485
melodic rap,1485
rap,1485
southern hip hop,1485
trap,1485
underground hip hop,1485
viral rap,1485
chicago rap,1051
melodic rap,1051
banjo,698
bluegrass,698
deep new americana,698
jam band,698
jamgrass,698
midwest americana,698
new americana,698
progressive bluegrass,698
roots rock,698
stomp and holler,698
bedroom pop,708
bubblegrunge,708
indie pop,708
german classical piano,1724
classic bollywood,616
bebop,1398
big band,1398
cool jazz,1398
hard bop,1398
jazz,1398
jazz trumpet,1398
soul jazz,1398
jazz trio,967
bossa nova,897
brazilian jazz,897
art rock,837
experimental,837
experimental rock,837
folk rock,837
jazz fusion,837
jazz rock,837
progressive rock,837
psychedelic rock,837
space rock,837
symphonic rock,837
album rock,89
art rock,89
blues rock,89
british invasion,89
classic rock,89
classic uk pop,89
folk rock,89
progressive rock,89
psychedelic rock,89
symphonic rock,89
boogaloo,111
latin jazz,111
salsa,111
salsa international,111
jazz vibraphone,923
latin jazz,923
musica tradicional cubana,923
salsa,923
salsa international,923
roots reggae,1356
dub,1356
reggae,1356
rock steady,1356
ska,1356
electro,175
freestyle,175
classical performance,487
classical piano,487
hungarian classical performance,487
hungarian classical piano,487
charanga,199
latin jazz,199
musica tradicional cubana,199
salsa,199
salsa international,199
death metal,144
groove metal,144
hard rock,144
metal,144
old school thrash,144
speed metal,144
thrash metal,144
garage pop,755
garage punk,755
garage rock,755
hardcore punk,755
portland punk,755
post-punk,755
punk,755
punk blues,755
classic soundtrack,180
italian soundtrack,180
soundtrack,180
vintage italian soundtrack,180
australian children's music,580
children's music,580
alternative metal,1714
melodic metalcore,1714
metalcore,1714
nu metal,1714
pop punk,1714
uk metalcore,1714
welsh metal,1714
classic danish pop,1622
danish hip hop,1622
danish pop,1622
alternative metal,1747
christian rock,1747
modern rock,1747
nu metal,1747
post-grunge,1747
rap rock,1747
italian tech house,246
contemporary country,622
country rap,622
redneck,622
canadian celtic,288
canadian punk,288
celtic punk,288
kingston on indie,288
opera,506
healing,573
meditation,573
new age,573
sleep,573
latin christian,16
latin worship,16
afrobeat,1559
afropop,1559
dub,1559
funk,1559
reggae,1559
rock steady,1559
roots reggae,1559
ska,1559
world,1559
baroque ensemble,1385
british orchestra,1385
choral,1385
classical,1385
classical performance,1385
historically informed performance,1385
hungarian classical performance,1221
orchestra,1221
classical performance,1012
hungarian classical performance,1012
orchestral performance,1012
celtic,68
celtic rock,68
scottish rock,68
bluegrass,1204
neo-traditional bluegrass,1204
new americana,1204
progressive bluegrass,1204
roots americana,1204
dance pop,1542
electropop,1542
idol,1542
post-teen pop,1542
banda,7
corrido,7
ranchera,7
regional mexican,7
electropop,727
indie pop rap,727
pop,727
pop rap,727
finnish metal,605
finnish power metal,605
gothic metal,605
gothic symphonic metal,605
opera metal,605
power metal,605
symphonic metal,605
marathi traditional,865
italian baritone,464
vintage italian pop,464
oi,503
pub rock,503
punk,503
ska,503
death metal,243
deathrash,243
metal,243
thrash metal,243
latin jazz,1760
salsa,1760
salsa international,1760
tropical,1760
psychobilly,339
rockabilly,339
roots rock,339
ecuadorian pop,1712
latin,1712
peruvian rock,1712
pop reggaeton,1712
salsa,1712
salsa venezolana,1712
tropical,1712
smooth jazz,955
smooth saxophone,955
alternative country,1581
country rock,1581
folk,1581
indie folk,1581
new americana,1581
outlaw country,1581
roots americana,1581
roots rock,1581
texas country,1581
metal,824
power metal,824
swedish metal,824
swedish power metal,824
modern indie pop,581
punk,903
rock steady,903
ska,903
ska punk,903
ska revival,903
gothic rock,1250
new wave,1250
uk post-punk,1250
classic bollywood,578
desi pop,578
filmi,578
modern bollywood,578
sufi,578
crossover thrash,467
crust punk,467
hardcore punk,467
old school thrash,467
thrash core,467
thrash metal,467
smooth jazz,1238
smooth saxophone,1238
south african jazz,1238
acoustic blues,532
blues,532
blues rock,532
country blues,532
delta blues,532
electric blues,532
modern blues,532
punk blues,532
traditional blues,532
chicano punk,918
crossover thrash,918
hardcore,918
hardcore punk,918
nyhc,918
oi,918
old school thrash,918
punk,918
straight edge,918
contemporary jazz,772
ecm-style jazz,772
jazz,772
jazz fusion,772
jazz trio,772
modern jazz trio,772
swedish jazz,772
salsa,915
tropical,915
chicano rap,817
latin hip hop,817
mexican hip hop,817
water,117
black 'n' roll,1720
black metal,1720
blackened crust,1720
metal,1720
norwegian black metal,1720
norwegian death metal,1720
norwegian metal,1720
c-pop,542
mandopop,542
taiwan pop,542
folk,1444
folktronica,1444
lilith,1444
new wave pop,1444
pop rock,1444
singer-songwriter,1444
deep southern trap,1196
dirty south rap,1196
abstract beats,277
alternative hip hop,277
alternative r&b,277
hip hop,277
indie r&b,277
indie soul,277
underground hip hop,277
wonky,277
vintage swedish pop,1086
psychobilly,1647
pub rock,1647
rockabilly,1647
belgian contemporary classical,1781
compositional ambient,1781
minimalism,1781
post-minimalism,1781
classic russian rock,233
russian alternative rock,233
russian folk rock,233
russian rock,233
son cubano,143
choral,473
classical performance,473
classical soprano,473
opera,473
funk,558
instrumental funk,558
jam band,558
jazz funk,558
jazz fusion,558
jazz organ,558
jazz trio,558
modern jazz trio,558
mexican rock-and-roll,1197
latin alternative,13
latin arena pop,13
latin rock,13
rock en espanol,13
shanty,10
contemporary country,618
country,618
country dawn,618
country pop,618
country road,618
modern country rock,618
jazz drums,791
jazz fusion,791
rock drums,791
classic turkish pop,1343
turkish jazz,1343
turkish pop,1343
celtic,715
irish folk,715
american classical piano,388
classical piano,388
ccm,1515
christian music,1515
roots worship,1515
worship,1515
ambient industrial,587
art rock,587
bleep techno,587
british experimental,587
british industrial,587
ebm,587
experimental,587
experimental rock,587
industrial,587
industrial rock,587
new romantic,587
new wave,587
post-punk,587
proto-techno,587
synthpop,587
uk post-punk,587
tejano,584
tex-mex,584
workout product,763
doom metal,1027
psychedelic doom,1027
sludge metal,1027
space rock,1027
stoner metal,1027
stoner rock,1027
uk doom metal,1027
glitch hop,402
wonky,402
groove room,515
escape room,304
hip hop,304
psychedelic hip hop,304
rap,304
underground hip hop,304
bass trap,1003
electronic trap,1003
future bass,1003
pop edm,1003
traprun,1003
vapor twitch,1003
classic norwegian pop,257
danseband,257
post-disco soul,128
britpop,258
madchester,258
classic swedish pop,1096
swedish jazz,1096
swedish pop,1096
alternative rock,1508
dunedin indie,1508
dunedin sound,1508
freak folk,1508
garage psych,1508
gbvfi,1508
indie rock,1508
lo-fi,1508
nz indie,1508
post-punk,1508
banda caliente,652
nuevo regional mexicano,652
karaoke,1330
brazilian ccm,316
british choir,217
chamber choir,217
choral,217
choral,1022
sleep,427
classical,1354
german romanticism,1354
late romantic era,1354
latin rock,679
spanish indie pop,679
afro dancehall,1073
afropop,1073
azonto,1073
azontobeats,1073
nigerian hip hop,1073
nigerian pop,1073
musique guadeloupe,911
rap kreyol,911
zouk,911
afro dancehall,1404
afropop,1404
nigerian pop,1404
british orchestra,1367
classical,1367
classical performance,1367
orchestra,1367
jazz caraibes,1564
zouk,1564
drum and bass,1118
liquid funk,1118
nz dnb,1118
nz electronic,1118
classical performance,1132
orchestral performance,1132
arabesk,1152
deep turkish pop,1152
turkish pop,1152
turkish trap pop,1152
nz indie,1302
wellington indie,1302
baroque,1210
classical,1210
early music,1210
italian baroque,1210
greek downtempo,1470
classical,525
french opera,525
french romanticism,525
late romantic era,525
adult standards,38
classic uk pop,38
easy listening,38
lounge,38
vocal jazz,38
big band,196
cool jazz,196
jazz,196
jazz piano,196
stride,196
swing,196
vocal jazz,196
classical soprano,871
opera,871
operatic pop,871
idol rock,651
j-metal,651
oshare kei,651
visual kei,651
bandoneon,1669
latin classical,1669
nuevo tango,1669
tango,1669
latvian pop,1474
jazz drums,1478
jazz funk,1478
jazz fusion,1478
austropop,1615
neue volksmusik,1615
adult standards,536
classic soundtrack,536
easy listening,536
lounge,536
vocal jazz,536
azontobeats,6
coupe-decale,6
makossa,6
zouglou,6
arab folk,891
middle eastern traditional,891
bass music,674
uk experimental electronic,674
weightless,674
emo,375
emo punk,375
lawrence ks indie,375
arkansas country,1499
outlaw country,1499
beat poetry,455
poetry,455
slam poetry,455
country,877
country road,877
country rock,877
oklahoma country,877
redneck,877
seattle hip hop,987
underground rap,987
black metal,864
brutal death metal,864
dark black metal,864
death metal,864
melodic death metal,864
metal,864
swedish death metal,864
swedish metal,864
classical performance,1329
orchestral performance,1329
afropop,1566
musique traditionnelle congolaise,1566
world,1566
ambient black metal,120
atmospheric black metal,120
autonomous black metal,120
cosmic black metal,120
instrumental black metal,120
post-black metal,120
swedish black metal,120
popping,281
synth funk,281
wonky,281
kinderliedjies,1182
serbian electronic,938
post-romantic era,1473
swedish classical,1473
swedish alternative rock,1713
swedish eurodance,1713
swedish pop,1713
australian indie,1426
australian pop,1426
sydney indie,1426
canadian hip hop,756
trap soul,756
african-american classical,109
contemporary jazz,624
experimental jazz,624
indie jazz,624
indie soul,624
jazz,624
jazz fusion,624
jazz trumpet,624
new orleans jazz,624
contemporary jazz,558
acoustic blues,1359
blues,1359
country blues,1359
electric blues,1359
modern blues,1359
traditional folk,667
blues,1368
electric blues,1368
harmonica blues,1368
harmonica jazz,1368
lilith,513
russian gangster rap,831
russian hip hop,831
russian pop,831
deep southern trap,966
dirty south rap,966
gangster rap,966
houston rap,966
rap,966
southern hip hop,966
trap,966
alabama rap,878
deep southern trap,878
dirty south rap,878
gangster rap,878
southern hip hop,878
trap,878
polish folk metal,371
pop rap,1745
rap,1745
trap,1745
underground hip hop,1745
viral trap,1745
dirty texas rap,1423
houston rap,1423
hindustani instrumental,1289
indian classical,1289
tabla,1289
american orchestra,1571
classical,1571
classical performance,1571
orchestra,1571
baltic choir,612
choral,612
classical performance,220
harpsichord,220
historical keyboard,220
wyoming indie,980
variete francaise,1270
variete francaise,889
ecuadorian pop,207
latin,207
latin pop,207
musica afroperuana,1594
orchestral performance,451
orchestra,204
russian orchestra,204
contemporary gospel,1462
praise,1462
dub,1347
lovers rock,1347
old school dancehall,1347
reggae,1347
roots reggae,1347
classical performance,1166
historically informed performance,1166
opera,1166
orchestral performance,1166
musica folk asturiana,73
hardstyle,1055
hardstyle,999
rawstyle,999
uk contemporary r&b,1085
channel pop,1627
dark folk,1752
medieval folk,1752
rune folk,1752
viking folk,1752
musica de fondo,1577
christian trap,1362
jangle rock,700
atmospheric black metal,296
blackgaze,296
german black metal,296
post-metal,296
voidgaze,296
nordic orchestra,1257
orchestra,1257
radio symphony,1257
nwocr,419
german pagan metal,475
belarusian electronic,546
neo-classical,173
alternative dance,722
balearic,722
canadian electropop,722
chillwave,722
dance-punk,722
electronica,722
electropop,722
hamilton on indie,722
indietronica,722
neo-synthpop,722
new rave,722
alternative dance,442
dance pop,442
dance-punk,442
electroclash,442
electronica,442
indietronica,442
new rave,442
nu disco,442
canadian electronic,1701
avant-garde,390
drone,390
french contemporary classical,390
minimalism,390
sound art,390
vintage french electronic,390
german show tunes,393
classic venezuelan pop,1293
cumbia,1293
russian underground rap,240
musica potiguar,1569
chillwave,209
dream pop,209
indie pop,209
indie rock,209
lund indie,209
metropopolis,209
modern dream pop,209
nu gaze,209
shoegaze,209
swedish indie pop,209
dark psytrance,242
deep darkpsy,242
forest psy,242
hi-tech,242
deep darkpsy,1502
hi-tech,1502
hard chime,1110
british orchestra,726
boston folk,745
deep new americana,745
folk-pop,745
indie folk,745
indiecoustica,745
new americana,745
new england americana,745
stomp and holler,745
deep new americana,1435
indie folk,1435
new americana,1435
indie anthem-folk,671
indie folk,671
indiecoustica,671
new americana,671
pop folk,671
stomp and holler,671
vermont indie,671
alternative country,1699
indie folk,1699
austindie,1216
freak folk,1216
indie folk,1216
indie pop,1216
indie rock,1216
melancholia,1216
modern folk rock,1216
stomp and holler,1216
classic bollywood,226
german underground rap,1107
italogaze,1124
milan indie,1124
musica gaucha tradicionalista,852
alternative country,1678
freak folk,1678
alternative country,250
roots rock,250
indie valenciana,165
spanish hip hop,598
dance pop,488
edm,488
partyschlager,488
pop dance,488
pop house,488
tropical house,488
argentine telepop,27
finnish hardcore,1353
finnish punk,1353
deep underground hip hop,926
latin hip hop,517
mexican hip hop,517
rap conciencia,517
rap underground mexicano,517
black metal,305
dark black metal,305
metal,305
norwegian black metal,305
norwegian metal,305
tolkien metal,305
slayer,1167
finnish heavy metal,1567
finnish metal,1567
slayer,1567
symphonic power metal,1567
brega funk,677
funk carioca,677
historic piano performance,1264
polish classical,1264
polish classical piano,1264
djent,17
mathcore,17
avant-garde metal,1189
djent,1189
brutal deathcore,1535
djent,1535
deathcore,1005
djent,1005
djent,737
deathcore,619
progressive deathcore,619
deconstructed club,1318
escape room,1318
glitchcore,1318
hyperpop,1318
psydub,969
darbuka,1650
wonky,664
japanese vtuber,1735
adult standards,866
cool jazz,866
jazz,866
jazz trumpet,866
lounge,866
vocal jazz,866
amharic pop,1379
ethiopian pop,1379
austin americana,194
roots americana,194
texas country,194
uk pop,595
english indie rock,1314
manchester indie,1314
australian country,1032
deep german hip hop,1691
indie deutschrap,1691
kurdish folk,274
kurdish pop,274
kurdish rock,274
swing revival,982
sleep,945
sleep,510
christian relaxative,972
family gospel,972
southern gospel,972
desert blues,332
melodic death metal,1248
norwegian black metal,1248
progressive death metal,1248
bass house,1245
deep groove house,1245
edm,1245
electro house,1245
house,1245
melbourne bounce,1245
pop dance,1245
progressive house,1245
dutch house,660
german punk,1766
german rock,1766
neue deutsche welle,1766
field recording,666
field recording,101
lowercase,101
gamecore,672
bitpop,739
solipsynthm,739
kent indie,178
chillwave,750
indie dream pop,750
romanian electronic,1033
mississippi hip hop,108
kayokyoku,1623
rap chileno,1436
brazilian hip hop,1689
funk carioca,1689
pop rap brasileiro,1689
alabama rap,921
french tech house,1749
afro dancehall,1381
afropop,1381
azontobeats,1381
nigerian hip hop,1381
nigerian pop,1381
nigerian pop,100
dancehall,430
nigerian hip hop,430
musique guadeloupe,1686
zouk,1686
turkish folk,177
neo classical metal,432
power metal,432
swedish power metal,432
hoerspiel,190
reading,190
italian electronica,1576
puglia indie,1576
afro soul,771
south african gospel,771
afro soul,4
south african gospel,4
south african jazz,4
south african pop,4
workout product,62
workout product,200
thai hip hop,714
classic dutch pop,1538
polka,1538
instrumental lullaby,607
microtonal,638
orchestra,1305
classical accordion,1089
aggrotech,1660
australian dance,1660
cyberpunk,1660
digital hardcore,1660
electro-industrial,1660
industrial metal,1660
industrial rock,1660
steampunk,1660
anime score,1465
latin rock,610
mexican indie,610
mexican rock,610
classic dubstep,1728
deep dubstep,1728
filthstep,1728
bhangra,912
desi hip hop,912
punjabi pop,912
dembow,64
progressive power metal,1375
afropop,1757
morna,1757
world,1757
frenchcore,60
tekk,60
uptempo hardcore,60
bongo flava,908
musica crista reformada,322
indonesian indie rock,1160
indonesian folk,1705
indonesian indie,1705
kizomba,738
kizomba antigas,738
zouk,738
lounge house,606
uk post-punk,1508
noise pop,1332
scream rap,1504
nottingham indie,774
traprun,875
wave,780
j-rock,1106
japanese alternative pop,1106
shibuya-kei,1106
uae indie,860
disco house,1315
edm,1315
electro house,1315
house,1315
pop dance,1315
progressive house,1315
vocal house,1315
brostep,1261
dubstep,1261
electro house,1261
filthstep,1261
gaming dubstep,1261
big room,439
edm,439
electro house,439
pop dance,439
pop edm,439
progressive electro house,439
sky room,439
bass house,460
dubstep,460
edm,460
electro house,460
electronic trap,460
filthstep,460
p funk,1035
deep soul house,1610
ukrainian experimental,1610
german tech house,1384
tech house,1384
minimal tech house,1350
tech house,1350
rennes indie,1253
quatuor a cordes,570
string quartet,570
noise punk,1309
noise rock,1309
post-hardcore,1309
c86,1054
uk post-punk,1054
uk post-punk,1246
rap lyonnais,873
peruvian punk,1630
cuento infantile,693
alternative hip hop,406
battle rap,406
boom bap,406
hardcore hip hop,406
axe,540
pagode,540
pagode,328
pagode novo,328
hands up,1093
pop house,1093
latin metal,40
spanish metal,40
midwest americana,1297
stomp and holler,1297
belgian metal,1145
melodic metal,1145
neo-trad metal,1145
symphonic power metal,1145
austrian dnb,422
indonesian indie,603
indie salvadoreno,1616
ebm,88
electro-industrial,88
aggrotech,56
cyberpunk,56
electro-industrial,56
industrial metal,56
italian metal,56
neue deutsche harte,56
neo r&b,1447
italian industrial,1041
historic classical performance,198
rap metalcore,195
ambient dub techno,23
neo-industrial rock,787
neo-industrial rock,118
big beat,1665
grebo,1665
austindie,1298
indie soul,1298
new french touch,1298
pet calming,807
deconstructed club,633
experimental bass,633
indie psych-pop,1661
vocal house,1769
video game music,326
comedy,571
slovak rock,922
shimmer psych,1593
french movie tunes,1048
musique pour enfants,1048
coral gospel,1648
louvor,1648
j-metal,1244
visual kei,1244
metal gaucho,1620
usbm,643
salsa puertorriquena,1418
salsa puertorriquena,979
alternative metal,910
doom metal,910
groove metal,910
louisiana metal,910
nu metal,910
sludge metal,910
southern metal,910
atmospheric doom,163
doom metal,163
funeral doom,163
gaian doom,163
atmospheric doom,585
dutch metal,585
gothic metal,585
gothic symphonic metal,585
symphonic metal,585
charanga,1064
son cubano clasico,1064
belgian classical piano,53
french classical piano,53
french classical piano,1612
french classical piano,661
indie canario,379
swiss rock,1122
celtic,963
scottish fiddle,963
traditional british folk,963
scottish rock,687
scottish singer-songwriter,687
country dawn,315
folk,315
early romantic era,282
dallas indie,731
australian electropop,33
australian techno,33
baroque ensemble,368
baroque,330
german baroque,330
smooth jazz,425
dark wave,996
ethereal wave,996
gothic rock,996
medieval folk,996
neoclassical darkwave,996
neue deutsche todeskunst,996
rune folk,996
steampunk,996
nz dnb,171
emo,645
emo punk,645
emocore,645
post-hardcore,645
screamo,645
skramz,645
big room,948
indie tico,491
rock tico,491
chattanooga indie,683
indonesian pop,1247
indonesian pop,426
dark wave,1255
ethereal wave,1255
neoclassical darkwave,1255
j-ambient,269
japanese piano,269
nu age,269
japanese piano,273
rock progressif francais,1137
classic malaysian pop,1412
malaysian indie,1412
rock kapak,1412
k-indie,1351
beatdown,692
slovenian pop,816
modern country rock,1682
red dirt,1682
texas country,1682
north carolina metal,749
gaian doom,1774
post-metal,1774
banda,286
banda carnavalera,286
nuevo regional mexicano,286
regional mexican,286
corrido,1662
deep regional mexican,1662
nuevo regional mexicano,1662
regional mexican,1662
melodic hardcore,133
orgcore,133
skate punk,133
deep power-pop punk,471
power-pop punk,471
deep power-pop punk,1177
british soundtrack,964
neo-pagan,964
classic psychedelic rock,1274
psychedelic rock,1274
classic garage rock,270
freakbeat,270
psychedelic rock,270
morelos indie,800
indie cordoba,1753
disco polo,1190
san antonio rap,14
wrock,39
deep pop edm,1265
deep tropical house,1265
deep pop edm,1520
argentine jazz,1040
argentine jazz,1419
australian indie,1178
galician folk,1278
spanish folk,1278
la pop,1392
transpop,1392
acoustic pop,457
neo mellow,457
pop rock,457
rochester ny indie,457
transpop,457
rock chapin,1709
rock en espanol,1709
gospel,623
gospel r&b,623
israeli classical,418
spanish classical piano,1644
progressive house,567
progressive trance,567
progressive trance house,567
progressive uplifting trance,567
trance,567
uplifting trance,567
acoustic punk,1506
anti-folk,1506
folk punk,1506
new orleans indie,920
brazilian reggae,1201
brazilian rock,1201
brazilian edm,1231
japanese alternative rock,942
japanese punk rock,942
j-pop,51
j-poprock,51
j-rock,51
japanese alternative rock,51
bboy,545
funky breaks,545
instrumental funk,545
modern funk,545
puerto rican rock,167
classical countertenor,621
musica costarricense,155
rock tico,155
musica costarricense,1098
punk tico,1098
rock tico,1098
korean dream pop,1654
myanmar indie,221
psybreaks,1530
reggae gaucho,533
red dirt,670
birmingham metal,1621
erotica,783
polish folk,1471
french reggae,119
historically informed performance,968
historically informed performance,80
azeri pop,1091
french orchestra,839
german punk,265
indie pop rock,123
electric blues,1668
modern blues,1668
electric blues,1579
modern blues,1579
modern blues rock,1579
power blues-rock,1579
charlotte nc indie,1320
mandopop,594
taiwan idol pop,594
taiwan pop,594
goregrind,213
pornogrind,213
jewish hip hop,883
deconstructed club,746
escape room,746
fluxwork,746
outsider house,746
underground hip hop,746
chamber ensemble,1771
hard bop,1016
jazz piano,1016
gypsy jazz,707
brazilian blues,882
balearic,1181
ranchera,1197
dungeon synth,1736
ritual ambient,1736
deathstep,1010
dubstep,1010
electronic trap,1010
gaming dubstep,1010
classic swedish pop,1646
europop,1646
swedish alternative rock,1646
swedish pop,1646
gospel,806
british indie rock,874
britpop,874
indie rock,874
modern rock,874
modern rock,280
vegas indie,280
modern blues rock,1776
eurovision,1108
deep turkish pop,741
turkish pop,741
new jersey rap,1597
american shoegaze,1479
arab folk,1284
arab folk,1205
oud,1205
persian traditional,1205
irish pop,1211
brazilian indie rock,593
shoegaze brasileiro,593
outer hip hop,1481
underground rap,1481
canadian classical piano,1547
swedish hard rock,1007
malaysian punk,247
neo-progressive,349
norwegian prog,349
progressive metal,349
progressive rock,349
symphonic rock,349
ambient,132
art pop,132
compositional ambient,132
drone,132
electra,132
experimental pop,132
folktronica,132
fourth world,132
freak folk,132
float house,1575
float house,854
kantele,115
kantele,357
children's folk,965
kindie rock,965
japanese classical piano,876
classic czech pop,1467
gothic americana,591
canadian contemporary r&b,1514
indie r&b,1514
scottish rock,1411
latin afrobeat,335
latinx alternative,335
croatian pop,1655
radio symphony,1439
radio symphony,1431
arkansas indie,446
indonesian jazz,306
indonesian folk,1061
indonesian indie,1061
indonesian jazz,1061
nu-metalcore,927
ghanaian alternative,721
scandipop,19
swedish pop,19
swedish alternative rock,346
swedish electropop,346
swedish indie rock,346
swedish pop,346
hong kong tv drama,1721
ontario indie,1286
post-teen pop,340
viral pop,340
nyc pop,1310
retro soul,1310
pinoy hip hop,434
bc underground hip hop,55
thai pop rap,1047
arab electronic,436
progressive trance house,436
christian music,314
deep christian rock,314
anthem worship,1539
ccm,1539
christian alternative rock,1539
christian music,1539
world worship,1539
worship,1539
anthem worship,1515
ccm,1595
christian alternative rock,1595
christian music,1595
christian rock,1595
worship,1595
english indie rock,896
liverpool indie,896
norwegian prog,1636
swedish singer-songwriter,1071
zambian pop,297
zambian pop,858
spiritual hip hop,962
welsh rock,757
welsh rock,547
trap colombiano,1522
russian dance,1148
russian dance pop,1148
russian pop,1148
rap cearense,1434
czsk hip hop,1694
slovak hip hop,1694
slovak pop,1694
north carolina hip hop,124
chunchaca,1443
manso indie,522
cerkes muzikleri,1733
french shoegaze,159
chinese indie,1371
mandopop,1371
taiwan pop,1371
taiwan singer-songwriter,1371
pop r&b,1754
pop r&b,218
trap soul,218
salay,490
deathcore,1748
swedish stoner rock,924
swedish techno,497
chiptune,1323
speedrun,1323
chiptune,1345
rock-and-roll,602
rockabilly,602
lancaster pa indie,1215
classical performance,1214
violin,1214
progressive trance,648
progressive uplifting trance,648
fingerstyle,458
classic israeli pop,748
israeli rock,748
russelater,1103
classical piano,1741
compositional ambient,1741
dutch classical piano,1741
desi hip hop,1704
hindi hip hop,1704
canadian indie folk,12
medieval rock,1751
greek drill,1545
greek trap,1677
greek drill,572
greek trap,572
chicano punk,1109
grunge,1109
oi,1109
riot grrrl,1109
pop nacional,1370
spanish folk rock,658
spanish folk rock,1028
oc rap,553
bouncy house,557
happy hardcore,557
hardcore techno,557
comedy rock,1234
italian jazz,1477
canadian latin,1082
canadian latin,562
rap chileno,1582
virginia metal,476
british choir,1155
cathedral choir,1155
traditional scottish folk,705
danish electronic,1256
danish techno,1256
experimental techno,1256
backing track,713
roots worship,1663
newfoundland indie,1346
trap metal italiana,313
classic sinhala pop,819
chinese singer-songwriter,1224
mainland chinese pop,1224
alaska indie,383
axe,984
forro,984
forro tradicional,984
sanfona,984
electro bailando,342
chinese classical piano,187
tango,795
vintage tango,795
pittsburgh rock,976
kawaii metal,1331
fallen angel,719
fallen angel,1266
komedi,620
classical saxophone quartet,930
south african punk,1200
south african punk,1683
library music,394
danish electropop,248
danish pop,248
danish electropop,58
cumbia paraguaya,1029
grunge,94
jazz double bass,590
australian americana,45
meditation,5
dutch drill,1021
bluegrass gospel,1376
acoustic chill,781
indie cafe pop,1531
christlicher rap,1112
argentine hip hop,834
rap uruguayo,834
russian emo,9
american metalcore,1526
greek indie,361
greek indie rock,361
experimental dubstep,1715
mashup,1532
indie arequipeno,1002
latin worship,1536
rap cristiano,1536
cumbia ecuatoriana,260
flamenco guitar,1300
calypso,1163
trinidadian reggae,1163
world,1163
j-division,147
smutny rap,1415
abstract beats,1307
french indietronica,391
indie hidrocalido,1290
tribute,1523
vienna indie,657
german dnb,1222
gamelan,1518
alberta country,695
canadian contemporary country,695
canadian country,695
comic metal,934
spanish metal,934
spanish punk,934
spanish punk,985
banda caliente,412
indonesian electronic,694
blackened crust,1513
blackgaze,1513
german thrash metal,768
latin soundtrack,841
wind symphony,1187
adult standards,1697
jazz piano,1697
space age pop,1697
swedish synthpop,189
neo-synthpop,1651
swedish synthpop,1651
musica de fondo,928
musica infantil,424
musica infantil,496
canzone napoletana,961
colombian indie,454
dark trap,276
saxony metal,395
jazz trio,1102
corrido,1065
canadian metalcore,1540
new wave of thrash metal,1273
grunge pop,401
greek indie,902
greek indie,611
smooth saxophone,252
neue volksmusik,560
harpsichord,960
cello,1472
epicore,1207
soundtrack,1207
video game music,1207
italian electronica,334
puerto rican indie,469
deep tropical house,37
tropical house,37
cdmx indie,1454
fake,1151
fake,428
vapor soul,835
classical clarinet,438
musica infantil catala,855
deep soft rock,462
american post-rock,34
american post-rock,998
bulgarian metal,197
hoerspiel,1440
hoerspiel,1510
hoerspiel,1607
punjabi pop,941
australian post-hardcore,1599
deep adult standards,1731
deep pop emo,762
spoken word,1442
spoken word,936
dutch contemporary classical,1637
dutch experimental,1637
musique concrete,1637
a cappella,1762
norske viser,1268
norwegian indie,1268
norwegian pop,1268
kompa,712
swiss metal,1233
black 'n' roll,237
black speed metal,237
new wave of speed metal,237
rap algerien,646
rai,872
melodic groove metal,925
metal balear,925
latin christian,1198
london on indie,929
indie pop,1087
indie rock,1087
philly indie,1087
shimmer pop,1087
edmonton indie,1169
burmese pop,1402
tatar pop,302
gyerekdalok,596
german rock,730
chinese r&b,551
australian indie,740
crack rock steady,939
crack rock steady,25
deep surf music,1158
japanese rockabilly,1158
uk drill,1634
uk hip hop,1634
metal catala,384
circuit,76
mexican edm,337
german electronica,355
indie electronica,355
hammered dulcimer,311
string folk,311
spanish synthpop,98
rva indie,699
uk dub,1675
gaming edm,1295
progressive trance house,1295
yugoslav rock,1299
edinburgh indie,1649
zikir,809
funk carioca,421
funk ostentacao,421
funk paulista,421
pops orchestra,537
northern soul,1562
ballet class,1185
socal indie,1397
bard,8
russian rock,8
finlandssvenska musik,272
finlandssvenska musik,789
school choir,1176
russian pop,1170
progressive alternative,989
seattle hip hop,1067
slow game,827
slow game,407
slow game,290
pop rap,527
rap,527
southern hip hop,527
trap,527
british black metal,92
chicago punk,520
orgcore,520
classic japanese jazz,149
piano cover,1126
piano cover,848
piano cover,1360
piano cover,1399
polish alternative rap,18
polish hip hop,18
polish hip hop,983
cork indie,1251
cork indie,1718
danish alternative rock,389
greek trap,1281
greek trap,308
stockholm indie,703
stockholm indie,500
powwow,1606
chamber folk,675
pop folk,675
chanson quebecois,978
indie platense,1401
indie platense,690
finnish progressive rock,214
finnish psychedelic rock,214
finnish progressive rock,1427
hong kong tv drama,951
hong kong tv drama,832
canadian indigenous hip hop,179
rap underground mexicano,1387
armenian pop,1319
nepali pop,764
lullaby,205
j-ambient,71
scratch,463
turntablism,463
background music,650
background music,1739
cantautor,732
cantautor,1024
charlottesville indie,717
pop folk,717
persian alternative,1450
persian rock,1450
lincoln ne indie,77
deep funk house,1146
quatuor a cordes,932
scottish singer-songwriter,1408
zydeco,529
mexican post-rock,54
viola,127
viola,950
brisbane indie,736
azeri rap,203
thai folk rock,1756
swedish black metal,1700
quran,256
seattle metal,1633
children's music,785
nursery,785
children's music,1154
swiss experimental,569
musica sul-mato-grossense,465
bisaya indie,478
burundian pop,103
australian psych,1228
australian psych,991
hopebeat,114
indie rockism,114
glam metal,186
hard rock,186
boogie,122
talentos brasileiros,1013
opera metal,888
electrofox,1328
vlaamse rap,632
gambian pop,1667
jackin' house,1317
deep metalcore,69
streichquartett,1188
musica gaucha,1088
nu jazz,331
nu jazz,1206
japanese jazztronica,1738
epicore,483
brazilian edm,1511
tejano,1019
tex-mex,1019
folk brasileiro,188
acoustic pop,1563
folk-pop,1563
deep ccm,890
dmv rap,1079
rif,1711
swedish fiddle,24
indonesian emo,52
indonesian post-hardcore,52
preschool children's music,735
kirtan,1147
chamber psych,472
theme,433
karaoke,743
karaoke,1433
columbus ohio indie,1312
new jersey hardcore,93
rwandan hip hop,1069
rap cristiano,298
reggaeton cristiano,298
anthem worship,445
forest psy,285
azontobeats,997
brazilian heavy metal,994
birthday,212
classic nepali pop,639
japanese beats,1684
beats,453
beats,268
otacore,160
lagu timur,164
calming instrumental,413
merida indie,636
african rock,1394
south african alternative,1394
indonesian worship,1165
j-pixie,354
american choir,444
crossover prog,372
jazz saxophone,1628
fado,1557
persian electronic,1750
technical grindcore,937
shanghai indie,846
washington indie,1119
deep euro house,1761
rap cristiano,1262
vapor soul,1194
vapor twitch,1476
deep flow,1141
montana indie,1409
waiata maori,1052
garage psych,154
indie garage rock,154
neo-psychedelic,154
trikiti,663
electronicore,597
reiki,137
buffalo ny indie,773
pop edm,1767
pop edm,1717
pop edm,495
uppsala indie,802
canto a tenore,235
lds,283
lds,1377
double drumming,647
dark techno,415
welsh folk,1672
russian folk,1492
instrumental math rock,95
japanese indie folk,1373
deep vocal house,1430
swedish electropop,861
swedish electropop,1765
swedish indie pop,1765
dutch pop,1303
italian mandolin,65
italian mandolin,511
oslo indie,1322
nyc pop,916
gotico brasileiro,1584
rock gotico,1584
deep smooth r&b,1432
vapor pop,564
funk paulista,971
glam metal,838
melodic hard rock,838
danish pop,1609
italo dance,343
oriental classical,365
persian neo-traditional,365
instrumental rock,1550
cabaret,104
oxford indie,880
latin worship,1203
latin worship,1552
quatuor a cordes,158
experimental classical,229
korean singer-songwriter,182
rap df,112
rap df,696
deep jazz fusion,480
pittsburgh indie,1226
psychedelic pop,489
girl group,125
modern dream pop,628
telugu hip hop,1363
italian stoner rock,856
brazilian grindcore,906
folklore uruguayo,829
belgian metal,555
belgian metal,836
belgian metal,310
australian rock,946
city pop,884
lancashire indie,1626
lancashire indie,210
cambridgeshire indie,673
australian pop,909
wu fam,1556
medieval folk,1529
rune folk,1529
karadeniz pop,1780
malagasy pop,1184
italian blues,376
funk pop,289
chinese electropop,1574
russian chanson,1604
romanian trap,1097
stl indie,230
stl indie,47
wuhan indie,86
argentine alternative rock,97
dirty texas rap,767
san diego rap,1239
punk urbano,752
nova mpb,1283
rock viet,1338
scottish indie folk,792
scottish indie folk,952
rap tuga underground,441
hip hop tuga,266
kindermusik,1341
string quartet,1420
musica blumenauense,516
indy indie,1352
punk tuga,1614
gruperas inmortales,1059
dance pop,1258
hip hop,1258
pop rap,1258
rap,1258
southern hip hop,1258
trap,1258
dance pop,1365
pop,1365
post-teen pop,1365
rap,1023
trap,1023
dance pop,1592
girl group,1592
pop,1592
pop rap,1592
post-teen pop,1592
urban contemporary,1592
deep downtempo fusion,345
deep minimal techno,1349
latin tech house,1349
spanish techno,1349
dutch trance,183
edm,183
pop dance,183
progressive house,183
trance,183
dansband,689
danspunk,689
dancehall,61
french hip hop,61
riddim,61
appalachian folk,1009
banjo,1009
bluegrass,1009
bluegrass gospel,1009
old-time,1009
progressive bluegrass,1009
traditional folk,1009
appalachian folk,169
banjo,169
bluegrass,169
bluegrass gospel,169
country gospel,169
old-time,169
progressive bluegrass,169
traditional country,169
traditional folk,169
jewish pop,678
classical,255
late romantic era,255
american modern classical,592
classical,592
classical performance,592
orchestral performance,592
classical,668
classical era,668
early romantic era,668
german romanticism,668
french classical piano,1327
adult standards,1095
brill building pop,1095
easy listening,1095
lounge,1095
chamber psych,74
electronica,74
french indie pop,74
french indietronica,74
salsa international,333
adult standards,461
harlem renaissance,461
jazz,461
jazz blues,461
lounge,461
soul,461
torch song,461
vocal jazz,461
classical,811
late romantic era,811
russian romanticism,811
baroque,1179
classical,1179
early music,1179
german baroque,1179
vocal trance,1144
afro-cuban percussion,1565
jazz puertorriqueno,1565
latin jazz,1565
mambo,1565
salsa,1565
german choir,1288
classical,1512
early romantic era,1512
german romanticism,1512
american orchestra,116
classical,116
classical performance,116
orchestra,116
russian edm,850
avant-garde,1445
classical,1445
contemporary classical,1445
early modern classical,1445
laboratorio,1445
electro-industrial,587
ebm,110
electro-industrial,110
industrial,110
industrial metal,110
industrial rock,110
german dance,1208
baroque,627
classical,627
early music,627
italian baroque,627
anthem worship,1664
ccm,1664
deep ccm,1664
world worship,1664
worship,1664
alternative hip hop,821
east coast hip hop,821
hip hop,821
british orchestra,134
orchestra,134
big beat,398
psychedelic trance,398
classical,1062
classical era,1062
cantautor,207
opm,340
jazz,1016
deep uplifting trance,1043
progressive house,1043
progressive trance,1043
trance,1043
uplifting trance,1043
acid jazz,1572
classical,1640
classical performance,1640
israeli classical piano,1640
orchestral performance,1640
classical performance,251
orchestra,251
classical,1517
czech classical,1517
late romantic era,1517
alternative hip hop,1451
detroit hip hop,1451
gangster rap,1451
hardcore hip hop,1451
hip hop,1451
rap,1451
southern hip hop,1451
orchestral performance,224
barockinterpreten,803
baroque ensemble,803
choral,803
classical performance,803
early music,803
early music ensemble,803
historically informed performance,803
baroque violin,1437
classical performance,1437
historically informed performance,1437
baroque,410
classical,410
early music,410
english baroque,410
german baroque,410
contemporary country,877
orchestral performance,724
g funk,1104
gangster rap,1104
hip hop,1104
hyphy,1104
rap,1104
west coast rap,1104
classical bass,208
opera,208
british choir,917
alternative country,1216
canadian indie,1216
chamber pop,1216
jazz funk,192
jazz fusion,192
smooth jazz,192
dancehall,30
lovers rock,30
modern reggae,30
big room,1199
dance pop,1199
dutch edm,1199
dutch house,1199
edm,1199
electro house,1199
house,1199
pop dance,1199
pop edm,1199
progressive electro house,1199
progressive house,1199
tropical house,1199
soundtrack,842
classic soundtrack,1193
soundtrack,1193
art pop,442
workout product,626
classical,1624
classical performance,1624
german orchestra,1624
orchestra,1624
radio symphony,1624
orchestral performance,348
tropical,820
canadian pop,1092
dance pop,1092
dancehall,1725
french reggae,1725
lovers rock,1725
modern reggae,1725
old school dancehall,1725
reggae,1725
roots reggae,1725
barbadian pop,1150
chutney,1150
soca,1150
melodic metal,1078
chicago rap,1586
dirty south rap,1586
gangster rap,1586
hip hop,1586
pop rap,1586
r&b,1586
rap,1586
trap,1586
urban contemporary,1586
afropop,430
classical performance,784
finnish contemporary classical,784
nordic contemporary classical,784
orchestral performance,784
german dance,1405
circuit,1631
bossa nova,1164
mpb,1164
pagode,1164
partido alto,1164
samba,1164
velha guarda,1164
cubaton,449
complextro,1261
electro latino,447
latin,447
latin hip hop,447
reggaeton,447
trap latino,447
abstract hip hop,804
alternative hip hop,804
hip hop,804
underground rap,804
progressive uplifting trance,1746
vocal trance,1746
power-pop punk,1333
adult standards,351
big band,351
brill building pop,351
easy listening,351
lounge,351
swing,351
torch song,351
vocal jazz,351
classical baritone,1544
classical performance,1544
opera,1544
classical,287
french opera,287
french romanticism,287
post-romantic era,287
funky house,1117
funky tech house,1117
abstract hip hop,1358
hungarian classical performance,798
orchestral performance,798
electro jazz,1206
rockabilly,608
icelandic singer-songwriter,1768
musica tropical guatemalteca,1709
classical soprano,1524
opera,1524
deep uplifting trance,1162
progressive house,1162
progressive trance,1162
trance,1162
uplifting trance,1162
orchestral performance,1493
cantautor,1666
latin pop,1666
spanish new wave,1666
spanish pop,1666
432hz,477
latin metal,1619
rock andaluz,1619
rock en espanol,1619
spanish metal,1619
spanish prog,1619
scorecore,1053
southern hip hop,1196
filter house,437
nu disco,437
vocal house,1573
progressive house,244
progressive trance,244
trance,244
uplifting trance,244
lovers rock,1393
modern reggae,1393
riddim,1393
soca,1393
classical organ,662
classical performance,662
classical tenor,284
opera,284
operatic pop,284
family gospel,223
southern gospel,223
funky tech house,301
groove room,301
spirituals,278
vocal harmony group,278
tollywood,1695
british soundtrack,1125
epicore,1125
scorecore,1125
soundtrack,1125
video game music,1125
arab pop,1458
lebanese pop,1458
opm,1778
australian pop,1178
corrido,949
deep regional mexican,949
nuevo regional mexicano,949
regional mexican,949
afropop,589
griot,589
mande pop,589
world,589
dub techno,723
microhouse,723
jump blues,482
rhythm and blues,482
swing,482
progressive house,206
progressive trance,206
progressive trance house,206
trance,206
uplifting trance,206
pop rap,1451
experimental dub,102
grebo,102
industrial hip hop,102
electro-industrial,825
hardcore techno,825
industrial,825
industrial metal,825
industrial rock,825
new beat,825
soul,667
taiwan hip hop,1083
acoustic rock,494
folk punk,494
orchestral performance,1414
classic uk pop,1496
synthpop,1496
musica tradicional cubana,1565
classical performance,241
classical soprano,241
opera,241
spirituals,241
c-pop,725
malaysian mandopop,725
mandopop,725
seattle indie,435
bubble trance,1587
eurodance,1587
german techno,1587
hamburg electronic,1587
hands up,1587
chamber pop,1444
punk 'n' roll,755
indie rock,404
duluth indie,1553
stomp and holler,1553
chicago rap,826
plugg,826
underground hip hop,826
vapor trap,826
nordic classical piano,552
italian baroque,1422
detroit house,794
detroit techno,794
minimal tech house,794
soul flow,336
orchestral performance,769
nu jazz,772
progressive house,1227
progressive trance,1227
progressive uplifting trance,1227
trance,1227
uplifting trance,1227
scorecore,1207
dub,1491
lovers rock,1491
reggae,1491
rock steady,1491
roots reggae,1491
ska,1491
anime score,600
japanese classical performance,600
japanese orchestra,600
deep progressive house,1719
progressive trance house,1719
french indie pop,1260
french indietronica,1260
hollywood,135
deep german hip hop,988
german hip hop,988
german underground rap,988
filthstep,392
entehno,87
greek pop,87
laiko,87
alternative country,448
canadian singer-songwriter,448
contemporary folk,448
ectofolk,448
folk,448
indie folk,448
lilith,448
new americana,448
houston rap,36
classic uk pop,615
bass trip,868
tropical,630
quebec indie,456
alternative hip hop,635
indie jazz,635
indie r&b,635
indie soul,635
neo soul,635
progressive house,1168
progressive trance,1168
progressive trance house,1168
serbian electronic,1168
conscious hip hop,152
deep underground hip hop,152
progressive house,211
uplifting trance,211
progressive psytrance,1213
psychedelic trance,1213
adult standards,1629
quiet storm,1629
urban contemporary,1629
kizomba antigas,262
dance pop,367
k-pop,367
k-pop girl group,367
country rap,501
native american hip hop,501
instrumental rock,1130
kirtan,295
new tribe,295
shamanic,295
world devotional,295
gospel,933
praise,933
eurodance,1093
sleep,1395
circuit,956
mexican edm,956
vocal jazz,85
latin,915
east coast hip hop,50
electro,50
golden age hip hop,50
hardcore hip hop,50
hip hop,50
old school hip hop,50
turntablism,50
classical,251
brostep,1212
dubstep,1212
electronic trap,1212
filthstep,1212
vegan straight edge,1608
dirty texas rap,1282
southern rock,1282
new jersey rap,373
underground rap,373
filthstep,830
southern gospel,614
brill building pop,38
folk-pop,631
african gospel,1425
afropop,1425
azontobeats,1425
makossa,1425
rumba congolaise,1425
soukous,1425
world,1425
progressive house,78
houston rap,878
houston rap,767
go-go,1671
classical contralto,1642
kizomba antigas,1674
indian folk,414
classic soundtrack,709
gospel reggae,1018
indie jazz,277
dutch indie,859
dutch indie rock,859
dutch singer-songwriter,859
psychill,1099
psydub,1099
world fusion,1099
ccm,369
christian alternative rock,369
christian music,369
worship,369
frenchcore,582
gabba,582
happy hardcore,582
hardcore techno,582
uptempo hardcore,582
nouvelle chanson francaise,91
german techno,1459
aggrotech,981
electro-industrial,981
industrial metal,981
steampunk,981
japanese progressive house,539
anti-folk,1216
freak folk,344
art pop,1602
pop rock,1077
dream pop,264
dreamgaze,264
estonian indie,264
indie shoegaze,264
nu gaze,264
shoegaze,264
c86,530
sacramento indie,530
tape club,530
twee pop,530
bangla pop,1424
classic bangla pop,1424
austrian choir,710
french hip hop,1015
chillhop,99
lo-fi beats,99
folk rock,270
west coast trap,1104
brazilian hip hop,1348
pop nacional,1348
pop rap brasileiro,1348
r&b brasileiro,1348
liquid funk,1533
metal,467
greek hip hop,1138
bass house,943
cantautor,1483
folklore argentino,1483
folklore surero,1483
guitarra argentina,1483
musica andina,1483
nueva cancion,1483
rock nacional,1483
zamba,1483
vapor twitch,1194
chicago house,236
classic house,236
hip house,236
alternative hip hop,292
underground hip hop,292
new tribe,1099
german hip hop,1691
deep euro house,974
organic electronic,974
organic house,974
classical piano trio,82
modern salsa,106
salsa cubana,106
swedish gangsta rap,799
swedish hip hop,799
swedish reggae,799
swedish trap pop,799
electro jazz,474
baroque,1464
italian baroque,1464
progressive trance,1058
baroque ensemble,324
orchestral performance,1500
afropop,168
world,168
canadian indie folk,317
ontario indie,317
ottawa indie,317
rhythm and blues,1301
russian electronic,548
russian techno,548
hardvapour,1269
classic russian pop,879
russian pop,879
future garage,674
canzone napoletana,653
italian tenor,653
opera,653
vintage classical singing,653
jazz,1006
jazz vibraphone,1006
rap cristiano,1080
jazz puertorriqueno,1628
punk blues,339
mellow gold,1095
vocal jazz,1095
classical performance,840
underground hip hop,688
futurepop,1140
portuguese pop,1140
azontobeats,1308
zimdancehall,1308
boy band,1463
dance pop,1463
pop,1463
post-teen pop,1463
new wave pop,608
anti-folk,1444
new wave pop,1629
russian dance pop,879
ukrainian pop,879
east coast hip hop,1001
electro,1001
hardcore hip hop,1001
hip hop,1001
hip house,1001
old school hip hop,1001
melodic dubstep,1249
banjo,1521
jug band,1521
memphis blues,1521
minimal techno,794
classical bass,358
experimental hip hop,141
funk ostentacao,328
bass music,1287
uk funky,1287
ukg revival,1287
rap chileno,1344
riddim,30
modern blues,1127
german electronica,502
post-punk,1250
uzbek pop,1225
russian dance pop,1170
hardstyle,1037
rawstyle,1037
classic russian pop,944
russian rock,944
lovers rock,601
punk blues,1332
pop rock,84
sleaze rock,838
art pop,786
modern rock,1334
latin worship,185
rap cristiano,185
reggaeton cristiano,185
broadway,1702
hollywood,1702
show tunes,1702
czsk hip hop,1311
minimal tech house,1123
baiao,815
bossa nova,815
jawaiian,1764
desi pop,912
weightless,586
canadian folk,1758
newfoundland indie,1758
nl folk,1758
stride,1016
britpop,450
scottish indie,450
scottish rock,450
classical mezzo-soprano,1060
classical tenor,1382
classical soprano,1519
classical contralto,1759
opera,1759
indie garage rock,499
neo-psychedelic,499
dark techno,184
hungarian techno,184
bossa nova cover,1120
coverchill,1120
contemporary vocal jazz,293
vocal jazz,293
german choir,403
polish pop,1336
polish reggae,1336
anthem worship,770
classic uk pop,1372
bulgarian pop,245
bulgarian rock,245
post-doom metal,1027
doomgaze,296
hip pop,1592
pop reggaeton,234
classic psychedelic rock,270
partyschlager,1093
jazz metal,17
electro jazz,331
modern power pop,1333
neo classical metal,1130
classical guitar,219
jazz fusion,219
british folk,261
scottish folk,261
scottish indie folk,261
traditional british folk,261
finnish dance pop,1541
finnish pop,1541
iskelma,1541
suomi rock,1541
comic,571
dutch indie,1716
dutch pop,1716
rai,470
rif,470
no wave,1276
post-punk,1276
uk post-punk,1276
classical soprano,559
symphonic deathcore,1535
rap,1001
dreamo,264
indie dream pop,604
canadian classical piano,801
classical piano,801
pop rock,689
kompa,656
slovak pop,508
azeri traditional,1133
classic azeri pop,1133
musica tradicional cubana,1064
comic,10
neo-classical,132
dark electro,88
icelandic hip hop,869
apostolic worship,1679
nordic shoegaze,209
art pop,746
ska revival,1491
video game music,1174
deep uplifting trance,1227
indie quebecois,565
rock quebecois,565
electro house,1212
underground hip hop,152
dark psytrance,1094
deep darkpsy,1094
forest psy,1094
filmi,1704
circuit,131
austro-german modernism,863
early modern classical,863
serialism,863
progressive uplifting trance,1162
downtempo deathcore,619
video game music,1487
punk blues,381
grupera,412
neo-rockabilly,602
pop rap,581
disco house,301
funky house,301
